<?xml version="1.0" encoding="UTF-8" standalone="no"?>
<epp xmlns="urn:ietf:params:xml:ns:epp-1.0" xmlns:xsi="http://www.w3.org/2001/XMLSchema-instance"
	xsi:schemaLocation="urn:ietf:params:xml:ns:epp-1.0
     epp-1.0.xsd">
	<command>
		<info>
			<contact:info xmlns:contact="urn:ietf:params:xml:ns:contact-1.0"
				xsi:schemaLocation="urn:ietf:params:xml:ns:contact-1.0
       contact-1.0.xsd">
				<contact:id>$id</contact:id>
				$auth_info
			</contact:info>
		</info>
		<clTRID>$clTRID</clTRID>
	</command>
</epp>
