<?xml version="1.0" encoding="UTF-8" standalone="no"?>
  <epp xmlns="urn:ietf:params:xml:ns:epp-1.0">
   <command>
    <update>
     <ipnetwork:update
      xmlns:ipnetwork="urn:ietf:params:xml:ns:ipnetwork-1.0">
      <ipnetwork:roid>$roid</ipnetwork:roid>
 		
 		<ipnetwork:rem>
       		$ipnetwork_reverses_dns_rem
       		$ipnetwork_dsdata_dns_rem
      	</ipnetwork:rem>

      	<ipnetwork:add>
       		$ipnetwork_reverses_dns_add
       		$ipnetwork_dsdata_dns_add
       		$ipnetwork_contacts
      	</ipnetwork:add>
     
     </ipnetwork:update>
    </update>
    <clTRID>$clTRID</clTRID>
   </command>
  </epp>
