<?xml version="1.0" encoding="UTF-8" standalone="no"?>
  <epp xmlns="urn:ietf:params:xml:ns:epp-1.0">
   <command>
    <update>
     <ipnetwork:update
      xmlns:ipnetwork="urn:ietf:params:xml:ns:ipnetwork-1.0">
      <ipnetwork:roid>$roid</ipnetwork:roid>
      <ipnetwork:add>
       $ipnetwork_contacts
      </ipnetwork:add>
      <ipnetwork:chg>
          <ipnetwork:asn>
              $asn
          </ipnetwork:asn>
      </ipnetwork:chg>
     </ipnetwork:update>
    </update>
    <clTRID>$clTRID</clTRID>
   </command>
  </epp>
