<?xml version="1.0" encoding="UTF-8" standalone="no"?>
<epp xmlns="urn:ietf:params:xml:ns:epp-1.0" xmlns:xsi="http://www.w3.org/2001/XMLSchema-instance"
	xsi:schemaLocation="urn:ietf:params:xml:ns:epp-1.0 
     epp-1.0.xsd">
	<command>
		<login>
			<clID>$clID</clID>
			<pw>$pw</pw>
<!-- 			$newPW -->
			<options>
				<version>$version</version>
				<lang>$lang </lang>
			</options>
			<svcs>
				<objURI>urn:ietf:params:xml:ns:domain-1.0</objURI>
				<objURI>urn:ietf:params:xml:ns:contact-1.0</objURI>
				$extURI
			</svcs>
		</login>
		<clTRID>$clTRID</clTRID>
	</command>
</epp>