<?xml version="1.0" encoding="UTF-8" standalone="no"?>
<epp xmlns="urn:ietf:params:xml:ns:epp-1.0" xmlns:xsi="http://www.w3.org/2001/XMLSchema-instance"
	xsi:schemaLocation="urn:ietf:params:xml:ns:epp-1.0
     epp-1.0.xsd">
	<command>
		<update>
			<contact:update xmlns:contact="urn:ietf:params:xml:ns:contact-1.0"
				xsi:schemaLocation="urn:ietf:params:xml:ns:contact-1.0
       contact-1.0.xsd">
				<contact:chg>
					<contact:postalInfo type="loc">
						<contact:name>$name</contact:name>
						<contact:org>$id</contact:org>
						$generic_address
					</contact:postalInfo>
					$generic_phone
				</contact:chg>
			</contact:update>
		</update>
		<extension>
			<brorg:update xmlns:brorg='urn:ietf:params:xml:ns:brorg-1.0'
				xsi:schemaLocation='urn:ietf:params:xml:ns:brorg-1.0
			      brorg-1.0.xsd'>
				<brorg:organization>$id</brorg:organization>
                <brorg:add>
                    $org_contacts
                </brorg:add>
				<brorg:chg>
					<brorg:responsible>$responsible</brorg:responsible>
				</brorg:chg>
			</brorg:update>
<lacnicorg:update xmlns:lacnicorg="urn:ietf:params:xml:ns:lacnicorg-1.0">
<lacnicorg:chg>
				<lacnicorg:type>$type</lacnicorg:type>
				<lacnicorg:eppPassword>$epp_password</lacnicorg:eppPassword>
				<lacnicorg:eppStatus>$epp_status</lacnicorg:eppStatus>
				$epp_ip_authorized
				$category
				<lacnicorg:renewalDate>$renewal_date</lacnicorg:renewalDate>
				<lacnicorg:legacy>$legacy</lacnicorg:legacy>
				<lacnicorg:resourcesClass>$resources_class</lacnicorg:resourcesClass>
</lacnicorg:chg>
			</lacnicorg:update>


		</extension>
		<clTRID>$clTRID</clTRID>
	</command>
</epp>
