<?xml version="1.0" encoding="UTF-8" standalone="no"?>
<epp xmlns="urn:ietf:params:xml:ns:epp-1.0">
	<command>
		<create>
			<contact:create xmlns:contact="urn:ietf:params:xml:ns:contact-1.0">
				<contact:postalInfo type="loc">
					<contact:name>$name</contact:name>
					$generic_address
				</contact:postalInfo>
				$generic_phone
			</contact:create>
		</create>
		<extension>
			<brorg:create xmlns:brorg="urn:ietf:params:xml:ns:brorg-1.0">
				<brorg:organization></brorg:organization>
				$org_contacts
				<brorg:responsible>$responsible</brorg:responsible>
			</brorg:create>
			<lacnicorg:create xmlns:lacnicorg="urn:ietf:params:xml:ns:lacnicorg-1.0">
				<lacnicorg:type>$type</lacnicorg:type>
				<lacnicorg:eppPassword>$epp_password</lacnicorg:eppPassword>
				<lacnicorg:eppStatus>$epp_status</lacnicorg:eppStatus>
				$epp_ip_authorized
				$category
				<lacnicorg:renewalDate>$renewal_date</lacnicorg:renewalDate>
				<lacnicorg:legacy>$legacy</lacnicorg:legacy>
				<lacnicorg:resourcesClass>$resources_class</lacnicorg:resourcesClass>
			</lacnicorg:create>
		</extension>
		<clTRID>$clTRID</clTRID>
	</command>
</epp>
