<?xml version="1.0" encoding="UTF-8"?>

<configuration>
	<include
		resource="org/springframework/boot/logging/logback/defaults.xml" />
	<property name="DEV_HOME" value="/var/local/apimilacnic/epp/logs/" />
	<timestamp key="currentDate" datePattern="yyyy-MM-dd" />

	<appender name="STDOUT"
		class="ch.qos.logback.core.ConsoleAppender">
		<layout class="ch.qos.logback.classic.PatternLayout">
			<Pattern>
				%d{yyyy-MM-dd HH:mm:ss} [%thread] %-5level %logger{36} - %msg%n
			</Pattern>
		</layout>
	</appender>

	<appender name="FILE-AUDIT"
		class="ch.qos.logback.core.rolling.RollingFileAppender">
		<file>${DEV_HOME}/server_${currentDate}.log</file>
		<encoder
			class="ch.qos.logback.classic.encoder.PatternLayoutEncoder">
			<Pattern>
				%d{yyyy-MM-dd HH:mm:ss} [%thread] %-5level %logger{36} - %msg%n
			</Pattern>
		</encoder>

		<rollingPolicy
			class="ch.qos.logback.core.rolling.TimeBasedRollingPolicy">
			<!-- rollover daily -->
			<fileNamePattern>${DEV_HOME}/archived/server_%d{yyyy-MM-dd}.log
			</fileNamePattern>
		</rollingPolicy>
	</appender>

	<appender name="FILE-ERROR"
		class="ch.qos.logback.core.rolling.RollingFileAppender">
		<file>${DEV_HOME}/server_error_${currentDate}.log</file>
		<encoder
			class="ch.qos.logback.classic.encoder.PatternLayoutEncoder">
			<Pattern>
				%d{yyyy-MM-dd HH:mm:ss} [%thread] %-5level %logger{36} - %msg%n
			</Pattern>
		</encoder>

		<rollingPolicy
			class="ch.qos.logback.core.rolling.TimeBasedRollingPolicy">
			<!-- rollover daily -->
			<fileNamePattern>${DEV_HOME}/archived/server_error_%d{yyyy-MM-dd}.log
			</fileNamePattern>
		</rollingPolicy>

	</appender>

	<!-- Send logs to both console and file audit -->
	<logger name="net.lacnic.api" level="debug" additivity="false">
		<appender-ref ref="FILE-AUDIT" />
		<appender-ref ref="STDOUT" />
	</logger>

	<root level="error">
		<appender-ref ref="FILE-ERROR" />
	</root>

</configuration>