<?xml version="1.0" encoding="UTF-8" standalone="no"?>
<epp xmlns="urn:ietf:params:xml:ns:epp-1.0"
     xmlns:xsi="http://www.w3.org/2001/XMLSchema-instance"
     xsi:schemaLocation="urn:ietf:params:xml:ns:epp-1.0
     epp-1.0.xsd">
  <command>
    <update>
      <contact:update
       xmlns:contact="urn:ietf:params:xml:ns:contact-1.0"
       xsi:schemaLocation="urn:ietf:params:xml:ns:contact-1.0
       contact-1.0.xsd">
        <contact:id>$id</contact:id>
	<contact:chg>
				<contact:postalInfo type="loc">
					<contact:name>$name</contact:name>
					<contact:org>$org</contact:org>
					$generic_address
				</contact:postalInfo>
				$generic_phone
				<contact:email>$email</contact:email>
				
	</contact:chg>
      </contact:update>
    </update>
 <extension>
<lacniccontact:update
 xmlns:lacniccontact="urn:ietf:params:xml:ns:lacniccontact-1.0">
 <lacniccontact:chg>
   <lacniccontact:password>$password</lacniccontact:password>
   <lacniccontact:reminder>$reminder_password</lacniccontact:reminder>
   <lacniccontact:language>$language</lacniccontact:language>
 </lacniccontact:chg>
</lacniccontact:update>
    </extension>
    <clTRID>$clTRID</clTRID>
  </command>
</epp>