<?xml version="1.0" encoding="UTF-8" standalone="no"?>
<epp xmlns="urn:ietf:params:xml:ns:epp-1.0">
	<command>
		<create>
			<contact:create xmlns:contact="urn:ietf:params:xml:ns:contact-1.0">
				<contact:postalInfo type="loc">
					<contact:name>$name</contact:name>
					$generic_address
				</contact:postalInfo>
				$generic_phone
				<contact:email>$email</contact:email>
				</contact:create>
		</create>
		<extension>
			<lacniccontact:create xmlns:lacniccontact="urn:ietf:params:xml:ns:lacniccontact-1.0">
				<lacniccontact:password>$password</lacniccontact:password>
				<lacniccontact:reminder>$reminder_password</lacniccontact:reminder>
				<lacniccontact:language>$language</lacniccontact:language>
			</lacniccontact:create>
		</extension>
		<clTRID>$clTRID</clTRID>
	</command>
</epp>
