<?xml version="1.0" encoding="UTF-8" standalone="no"?>
  <epp xmlns="urn:ietf:params:xml:ns:epp-1.0">
   <command>
    <create>
     <ipnetwork:create
      xmlns:ipnetwork="urn:ietf:params:xml:ns:ipnetwork-1.0">
      $ipnetwork_range
      <ipnetwork:organization>$id</ipnetwork:organization>
      <ipnetwork:allocType>$type</ipnetwork:allocType>
      $ipnetwork_contacts
      $ipnetwork_reverses_dns
<!--       $dsDatas -->
     </ipnetwork:create>
    </create>
    <clTRID>$clTRID</clTRID>
   </command>
  </epp>
