<?xml version="1.0" encoding="UTF-8" standalone="no"?>
<epp xmlns="urn:ietf:params:xml:ns:epp-1.0"
     xmlns:xsi="http://www.w3.org/2001/XMLSchema-instance"
     xsi:schemaLocation="urn:ietf:params:xml:ns:epp-1.0
     epp-1.0.xsd">
  <command>
    <update>
      <contact:update
       xmlns:contact="urn:ietf:params:xml:ns:contact-1.0"
       xsi:schemaLocation="urn:ietf:params:xml:ns:contact-1.0
       contact-1.0.xsd">
      </contact:update>
    </update>
    <extension>
      <brorg:update
	  xmlns:brorg='urn:ietf:params:xml:ns:brorg-1.0'
	  xsi:schemaLocation='urn:ietf:params:xml:ns:brorg-1.0
			      brorg-1.0.xsd'>
			<brorg:organization>$id</brorg:organization>
			
			
			<brorg:add>
			       $org_contacts
 			</brorg:add>
</brorg:update>
  </extension>
    <clTRID>$clTRID</clTRID>
  </command>
</epp>

